Workbook
Name Длязакупа: 'Для закупа'!$B$1:$C$94
Name Длязакупа: 'Расчет с_стоим'!$B$2:$C$74

Sheet Технология
B1: вес торта, без крема | E1: общий вес готового торта | I1: =B2/L1 -> 1.000435 | J1: Если ярусный то указать | K1: 1 | L1: =((('1'!F2+'2'!F2+'3'!F2+'4'!F2+'5'!F2+'6'!F2))) -> 2299 | M1: Первый расчет на форму диаметром | R1: 22 | S1: =IFERROR((R2*L2),"")/K1*0.47 -> 10.348997 | T1: 1 ярус | V1: Белок на БЗК гр | W1: =U4*B2 -> 81.777778
B2: 2300 | F2: ='Расчет с_стоим'!C3 -> 2589.1172 | L2: =B2/L1 -> 1.000435 | M2: В пересчете на форму диаметром | R2: =IFERROR((R1*L2),"") -> 22.009569 | S2: =IFERROR((R2*L2),"")/K1*0.33 -> 7.2663172 | T2: 2 ярус | V2: Сахар | W2: =W1*2.143 -> 175.24978
A3: Торт Фисташка банан | M3: на квадратную форму | R3: =B2*0.008558882352 -> 19.685429 | S3: =IFERROR((R2*L2),"")/K1*0.2 -> 4.4038286 | T3: 3 ярус | V3: Вода | W3: =W2*0.24 -> 42.059947
N4: Шоколада для ганаша | O4: =P4*B2 -> 59.8 | P4: 0.026 | Q4: гр | R4: Масло сливочное 82,5% | S4: =O4/2 -> 29.9 | U4: 0.035555556 | V4: Лимонная кислота | W4: =W2*0.013 -> 2.2782471
B5: 1 ярус | C5: =C8/R2*S1 -> 463.82324 | F5: 1 ярус | G5: =G8/R2*S1 -> 241.79021 | J5: 1 ярус | K5: =K8/R2*S1 -> 279.89333 | N5: 1 ярус | O5: =O8/R2*S1 -> 63.975619 | R5: 1 ярус | S5: =S8/R2*S1 -> 31.987809 | V5: 1 ярус | W5: =W8/R2*S1 -> 0
B6: 2 ярус | C6: =C8/R2*S2 -> 325.66312 | F6: 2 ярус | G6: =G8/R2*S2 -> 169.76759 | J6: 2 ярус | K6: =K8/R2*S2 -> 196.52085 | N6: 2 ярус | O6: =O8/R2*S2 -> 44.919052 | R6: 2 ярус | S6: =S8/R2*S2 -> 22.459526 | V6: 2 ярус | W6: =W8/R2*S1 -> 0
B7: 3 ярус | C7: =C8/R2*S3 -> 197.37159 | F7: 3 ярус | G7: =G8/R2*S3 -> 102.88945 | J7: 3 ярус | K7: =K8/R2*S3 -> 119.10355 | N7: 3 ярус | O7: =O8/R2*S3 -> 27.223668 | R7: 3 ярус | S7: =S8/R2*S3 -> 13.611834 | V7: 3 ярус | W7: =W8/R2*S3 -> 0
A8: 1 | B8: ='1'!A1 -> Фисташкоый бисквит | C8: ='1'!E2 -> 986.42888 | E8: 2 | F8: ='2'!A1 -> Сливочный крем | G8: ='2'!E2 -> 514.22358 | I8: 3 | J8: ='3'!A1 -> Банановый мусс | K8: ='3'!E2 -> 595.25881 | M8: 4 | N8: ='4'!A1 -> Изоляционный крем | O8: ='4'!E2 -> 136.05916 | Q8: 5 | R8: ='5'!A1 -> Пропитка | S8: ='5'!E2 -> 68.029578 | U8: 6 | V8: ='6'!A1 -> Составляющая | W8: ='6'!E2 -> 0
A9: № | B9: ='1'!G3 -> продукт | C9: ='1'!E3 -> Грамм | E9: № | F9: продукт | G9: Грамм | I9: № | J9: продукт | K9: Грамм | M9: № | N9: продукт | O9: Грамм | Q9: № | R9: продукт | S9: Грамм | U9: № | V9: продукт | W9: Грамм
A10: 1 | B10: ='1'!G4 -> Желток (17 г от 1 яйца) | C10: ='1'!E4 -> 353.15355 | E10: 1 | F10: ='2'!G4 -> Сливки 33 – 35% | G10: ='2'!E4 -> 211.09178 | I10: 1 | J10: ='3'!G4 -> Сливки 33 – 35% | K10: ='3'!E4 -> 211.09178 | M10: 1 | N10: ='4'!G4 -> Молоко сгущенное(380 гр) | O10: ='4'!E4 -> 68.029578 | Q10: 1 | R10: ='5'!G4 -> Кипяток | S10: ='5'!E4 -> 51.022184 | U10: 1 | V10: ='6'!G4 -> 0 | W10: ='6'!E4 -> 0
A11: 2 | B11: ='1'!G5 -> Сахар песок | C11: ='1'!E5 -> 170.07395 | E11: 2 | F11: ='2'!G5 -> Творожный сыр | G11: ='2'!E5 -> 211.09178 | I11: 2 | J11: ='3'!G5 -> Молоко сгущенное(380 гр) | K11: ='3'!E5 -> 127.05524 | M11: 2 | N11: ='4'!G5 -> Масло сливочное 82,5% | O11: ='4'!E5 -> 51.022184 | Q11: 2 | R11: ='5'!G5 -> Молоко сгущенное(380 гр) | S11: ='5'!E5 -> 13.005655 | U11: 2 | V11: ='6'!G5 -> 0 | W11: ='6'!E5 -> 0
A12: 3 | B12: ='1'!G6 -> Масло подсолнечное | C12: ='1'!E6 -> 85.036973 | E12: 3 | F12: ='2'!G6 -> Молоко сгущенное(380 гр) | G12: ='2'!E6 -> 84.036538 | I12: 3 | J12: ='3'!G6 -> Банан кг (120-150гр) | K12: ='3'!E6 -> 245.10657 | M12: 3 | N12: ='4'!G6 -> Шарики рисовые в глазури | O12: ='4'!E6 -> 17.007395 | Q12: 3 | R12: ='5'!G6 -> Паста дес. фисташка | S12: ='5'!E6 -> 4.0017399 | U12: 3 | V12: ='6'!G6 -> 0 | W12: ='6'!E6 -> 0
A13: 4 | B13: ='1'!G7 -> Мука пшеничная | C13: ='1'!E7 -> 325.14137 | E13: 4 | F13: ='2'!G7 -> Ванильный сахар | G13: ='2'!E7 -> 8.0034798 | I13: 4 | J13: ='3'!G7 -> Желатин | K13: ='3'!E7 -> 8.0034798 | M13: 4 | N13: ='4'!G7 -> 0 | O13: ='4'!E7 -> 0 | Q13: 4 | R13: ='5'!G7 -> 0 | S13: ='5'!E7 -> 0 | U13: 4 | V13: ='6'!G7 -> 0 | W13: ='6'!E7 -> 0
A14: 5 | B14: ='1'!G8 -> Паста дес. фисташка | C14: ='1'!E8 -> 35.015224 | E14: 5 | F14: ='2'!G8 -> 0 | G14: ='2'!E8 -> 0 | I14: 5 | J14: ='3'!G8 -> Паста дес. банан | K14: ='3'!E8 -> 4.0017399 | M14: 5 | N14: ='4'!G8 -> 0 | O14: ='4'!E8 -> 0 | Q14: 5 | R14: ='5'!G8 -> 0 | S14: ='5'!E8 -> 0 | U14: 5 | V14: ='6'!G8 -> 0 | W14: ='6'!E8 -> 0
A15: 6 | B15: ='1'!G9 -> Кипяток | C15: ='1'!E9 -> 85.036973 | E15: 6 | F15: ='2'!G9 -> 0 | G15: ='2'!E9 -> 0 | I15: 6 | J15: ='3'!G9 -> 0 | K15: ='3'!E9 -> 0 | M15: 6 | N15: ='4'!G9 -> 0 | O15: ='4'!E9 -> 0 | Q15: 6 | R15: ='5'!G9 -> 0 | S15: ='5'!E9 -> 0 | U15: 6 | V15: ='6'!G9 -> 0 | W15: ='6'!E9 -> 0
A16: 7 | B16: ='1'!G10 -> Разрыхлитель | C16: ='1'!E10 -> 14.00609 | E16: 7 | F16: ='2'!G10 -> 0 | G16: ='2'!E10 -> 0 | I16: 7 | J16: ='3'!G10 -> 0 | K16: ='3'!E10 -> 0 | M16: 7 | N16: ='4'!G10 -> 0 | O16: ='4'!E10 -> 0 | Q16: 7 | R16: ='5'!G10 -> 0 | S16: ='5'!E10 -> 0 | U16: 7 | V16: ='6'!G10 -> 0 | W16: ='6'!E10 -> 0
A17: 8 | B17: ='1'!G11 -> Лимонная кислота | C17: ='1'!E11 -> 2.0008699 | E17: 8 | F17: ='2'!G11 -> 0 | G17: ='2'!E11 -> 0 | I17: 8 | J17: ='3'!G11 -> 0 | K17: ='3'!E11 -> 0 | M17: 8 | N17: ='4'!G11 -> 0 | O17: ='4'!E11 -> 0 | Q17: 8 | R17: ='5'!G11 -> 0 | S17: ='5'!E11 -> 0 | U17: 8 | V17: ='6'!G11 -> 0 | W17: ='6'!E11 -> 0
A18: 9 | B18: ='1'!G12 -> Соль | C18: ='1'!E12 -> 2.0008699 | E18: 9 | F18: ='2'!G12 -> 0 | G18: ='2'!E12 -> 0 | I18: 9 | J18: ='3'!G12 -> 0 | K18: ='3'!E12 -> 0 | M18: 9 | N18: ='4'!G12 -> 0 | O18: ='4'!E12 -> 0 | Q18: 9 | R18: ='5'!G12 -> 0 | S18: ='5'!E12 -> 0 | U18: 9 | V18: ='6'!G12 -> 0 | W18: ='6'!E12 -> 0
A19: 10 | B19: ='1'!G13 -> 0 | C19: ='1'!E13 -> 0 | E19: 10 | F19: ='2'!G13 -> 0 | G19: ='2'!E13 -> 0 | I19: 10 | J19: ='3'!G13 -> 0 | K19: ='3'!E13 -> 0 | M19: 10 | N19: ='4'!G13 -> 0 | O19: ='4'!E13 -> 0 | Q19: 10 | R19: ='5'!G13 -> 0 | S19: ='5'!E13 -> 0 | U19: 10 | V19: ='6'!G13 -> 0 | W19: ='6'!E13 -> 0
A20: 11 | B20: ='1'!G14 -> 0 | C20: ='1'!E14 -> 0 | E20: 11 | F20: ='2'!G14 -> 0 | G20: ='2'!E14 -> 0 | I20: 11 | J20: ='3'!G14 -> 0 | K20: ='3'!E14 -> 0 | M20: 11 | N20: ='4'!G14 -> 0 | O20: ='4'!E14 -> 0 | Q20: 11 | R20: ='5'!G14 -> 0 | S20: ='5'!E14 -> 0 | U20: 11 | V20: ='6'!G14 -> 0 | W20: ='6'!E14 -> 0
A21: 12 | B21: ='1'!G15 -> 0 | C21: ='1'!E15 -> 0 | E21: 12 | F21: ='2'!G15 -> 0 | G21: ='2'!E15 -> 0 | I21: 12 | J21: ='3'!G15 -> 0 | K21: ='3'!E15 -> 0 | M21: 12 | N21: ='4'!G15 -> 0 | O21: ='4'!E15 -> 0 | Q21: 12 | R21: ='5'!G15 -> 0 | S21: ='5'!E15 -> 0 | U21: 12 | V21: ='6'!G15 -> 0 | W21: ='6'!E15 -> 0
... A23: 14 | B23: ='1'!G17 -> 0 | C23: ='1'!E17 -> 0 | E23: 14 | F23: ='2'!G17 -> 0 | G23: ='2'!E17 -> 0 | I23: 14 | J23: ='3'!G17 -> 0 | K23: ='3'!E17 -> 0 | M23: 14 | N23: ='4'!G17 -> 0 | O23: ='4'!E17 -> 0 | Q23: 14 | R23: ='5'!G17 -> 0 | S23: ='5'!E17 -> 0 | U23: 14 | V23: ='6'!G17 -> 0 | W23: ='6'!E17 -> 0
A24: ='1'!A2 -> Технология приготовления: | E24: ='2'!A2 -> Технология приготовления: | I24: ='3'!A2 -> Технология приготовления: | M24: ='4'!A2 -> Технология приготовления: | Q24: ='5'!A2 -> Технология приготовления: | U24: ='6'!A2 -> Технология приготовления:
A25: ='1'!A3 -> Просеять муку, добавить соль, разрыхлитель, лимонку. Все перемешать В чаше миксера соединить сахар и яйца. Взбивать до белой пены не менее 10 минут. Тем временем вскипятить воду. Соединить пасту с маслом. Когда яичная смесь взобьется добавить пасту с маслом, перемешать. Добавить кипяток и муку. Аккуратно перемешать. Для обычного торта делим на 2 и разливаем по формам. Выпекаем 180 градусов. Без конвекции до сухой лучины. Примерно 40 минут. | E25: ='2'!A3 -> Перед взбиванием дежу миксера желательно охладить 10 минут в холодильник. Все соединить, взбить до устойчивых пиков. | I25: ='3'!A3 -> Бананы очистить, порезать на кусочки, проварить в микроволновке до мягкого состояния | M25: ='4'!A3 -> Масло взбить до бела, частями добавлять сгущенку, до полного соединения, немного остудить добавить шарики. Все хорошо промешать, что бы шарики были произолированы и не размокли от других кремов. | Q25: ='5'!A3 -> Сгущенку и пасту размешать с водой. | U25: ='6'!A3 -> 0
A26: Сборка: Разрезать коржи, делить вес крема на столько, сколько прослоек у вас будет. если бисквитов получится 4, то соответственно прослоек крема 3 . Сборка: Бисквит- пропитать– сливочный крем промазать низ , потолще бортики по краям и середина кольцо – между крема заполнить банановым муссом-бисквит– пропитать– сливочный крем промазать низ, потолще бортики по краям и середина кольцо– между бортиков заполнитьбанановым муссом - и т.д. 2 верхних слоя в мусс по бортикам, так же по бортикам из. крем с шариками - бисквит. Даем ночь пропитаться, торт ганашим
B27: Расчет Себестоимости торта
B28: ='Расчет с_стоим'!B2 -> Продукты | C28: ='Расчет с_стоим'!E3 -> 0 | F28: ='Расчет с_стоим'!G2 -> Инвентарь, упаковка, дополнения к заказу | G28: ='Расчет с_стоим'!J3 -> 205.3 | J28: ='Расчет с_стоим'!L3 -> Доставка | K28: ='Расчет с_стоим'!M3 -> 0 | O28: Всего | R28: =C28+G28+K28 -> 205.3

Sheet Для закупа
B1: Продукт | C1: грамм | D1: Закуп?
A2: Покрытие | B2: =Технология!N4 -> Шоколада для ганаша | C2: =Технология!O4 -> 59.8
B3: =Технология!R4 -> Масло сливочное 82,5% | C3: =Технология!S4 -> 29.9
B4: =Технология!V1 -> Белок на БЗК гр | C4: =Технология!W1 -> 81.777778
B5: =Технология!V2 -> Сахар | C5: =Технология!W2 -> 175.24978
B6: =Технология!V3 -> Вода | C6: =Технология!W3 -> 42.059947
B7: =Технология!V4 -> Лимонная кислота | C7: =Технология!W4 -> 2.2782471
A8: Инвентарь в штуках | B8: ='Расчет с_стоим'!G4 -> Кондитерский мешок | C8: ='Расчет с_стоим'!H4 -> 0
B9: ='Расчет с_стоим'!G5 -> Коробка для торта | C9: ='Расчет с_стоим'!H5 -> 0
B10: ='Расчет с_стоим'!G6 -> Пакет фасовочный 12*14 | C10: ='Расчет с_стоим'!H6 -> 0
B11: ='Расчет с_стоим'!G7 -> Подложка 2 толщ 30*30 см | C11: ='Расчет с_стоим'!H7 -> 0
B12: ='Расчет с_стоим'!G8 -> Шпажки маленькие | C12: ='Расчет с_стоим'!H8 -> 0
B13: ='Расчет с_стоим'!G9 -> Электричество | C13: ='Расчет с_стоим'!H9 -> 10
B14: ='Расчет с_стоим'!G10 -> Зефирные фигурки | C14: ='Расчет с_стоим'!H10 -> 0
B15: ='Расчет с_стоим'!G11 -> Палочки для мороженного | C15: ='Расчет с_стоим'!H11 -> 0
B16: ='Расчет с_стоим'!G12 -> Упаковочная бумага цвет | C16: ='Расчет с_стоим'!H12 -> 50
B17: ='Расчет с_стоим'!G13 -> 0 | C17: ='Расчет с_стоим'!H13 -> 0
B18: ='Расчет с_стоим'!G14 -> 0 | C18: ='Расчет с_стоим'!H14 -> 0
B19: ='Расчет с_стоим'!G15 -> 0 | C19: ='Расчет с_стоим'!H15 -> 0
B20: ='Расчет с_стоим'!G16 -> 0 | C20: ='Расчет с_стоим'!H16 -> 0
... B29: ='Расчет с_стоим'!G25 -> 0 | C29: ='Расчет с_стоим'!H25 -> 0
A30: 1 | B30: =Технология!B10 -> Желток (17 г от 1 яйца) | C30: =Технология!C10 -> 353.15355
A31: 2 | B31: =Технология!B11 -> Сахар песок | C31: =Технология!C11 -> 170.07395
A32: 3 | B32: =Технология!B12 -> Масло подсолнечное | C32: =Технология!C12 -> 85.036973
A33: 4 | B33: =Технология!B13 -> Мука пшеничная | C33: =Технология!C13 -> 325.14137
A34: 5 | B34: =Технология!B14 -> Паста дес. фисташка | C34: =Технология!C14 -> 35.015224
A35: 6 | B35: =Технология!B15 -> Кипяток | C35: =Технология!C15 -> 85.036973
A36: 7 | B36: =Технология!B16 -> Разрыхлитель | C36: =Технология!C16 -> 14.00609
A37: 8 | B37: =Технология!B17 -> Лимонная кислота | C37: =Технология!C17 -> 2.0008699
A38: 9 | B38: =Технология!B18 -> Соль | C38: =Технология!C18 -> 2.0008699
A39: 10 | B39: =Технология!B19 -> 0 | C39: =Технология!C19 -> 0
A40: 11 | B40: =Технология!B20 -> 0 | C40: =Технология!C20 -> 0
A41: 12 | B41: =Технология!B21 -> 0 | C41: =Технология!C21 -> 0
... A43: 14 | B43: =Технология!B23 -> 0 | C43: =Технология!C23 -> 0
A44: 1 | B44: =Технология!F10 -> Сливки 33 – 35% | C44: =Технология!G10 -> 211.09178
A45: 2 | B45: =Технология!F11 -> Творожный сыр | C45: =Технология!G11 -> 211.09178
A46: 3 | B46: =Технология!F12 -> Молоко сгущенное(380 гр) | C46: =Технология!G12 -> 84.036538
A47: 4 | B47: =Технология!F13 -> Ванильный сахар | C47: =Технология!G13 -> 8.0034798
A48: 5 | B48: =Технология!F14 -> 0 | C48: =Технология!G14 -> 0
A49: 6 | B49: =Технология!F15 -> 0 | C49: =Технология!G15 -> 0
A50: 7 | B50: =Технология!F16 -> 0 | C50: =Технология!G16 -> 0
A51: 8 | B51: =Технология!F17 -> 0 | C51: =Технология!G17 -> 0
A52: 9 | B52: =Технология!F18 -> 0 | C52: =Технология!G18 -> 0
A53: 10 | B53: =Технология!F19 -> 0 | C53: =Технология!G19 -> 0
A54: 11 | B54: =Технология!F20 -> 0 | C54: =Технология!G20 -> 0
A55: 12 | B55: =Технология!F21 -> 0 | C55: =Технология!G21 -> 0
... A57: 14 | B57: =Технология!F23 -> 0 | C57: =Технология!G23 -> 0
A58: 1 | B58: =Технология!J10 -> Сливки 33 – 35% | C58: =Технология!K10 -> 211.09178
A59: 2 | B59: =Технология!J11 -> Молоко сгущенное(380 гр) | C59: =Технология!K11 -> 127.05524
A60: 3 | B60: =Технология!J12 -> Банан кг (120-150гр) | C60: =Технология!K12 -> 245.10657
A61: 4 | B61: =Технология!J13 -> Желатин | C61: =Технология!K13 -> 8.0034798
A62: 5 | B62: =Технология!J14 -> Паста дес. банан | C62: =Технология!K14 -> 4.0017399
A63: 6 | B63: =Технология!J15 -> 0 | C63: =Технология!K15 -> 0
A64: 7 | B64: =Технология!J16 -> 0 | C64: =Технология!K16 -> 0
A65: 8 | B65: =Технология!J17 -> 0 | C65: =Технология!K17 -> 0
A66: 9 | B66: =Технология!J18 -> 0 | C66: =Технология!K18 -> 0
A67: 10 | B67: =Технология!J19 -> 0 | C67: =Технология!K19 -> 0
A68: 11 | B68: =Технология!J20 -> 0 | C68: =Технология!K20 -> 0
A69: 12 | B69: =Технология!J21 -> 0 | C69: =Технология!K21 -> 0
... A71: 14 | B71: =Технология!J23 -> 0 | C71: =Технология!K23 -> 0
A72: 1 | B72: =Технология!N10 -> Молоко сгущенное(380 гр) | C72: =Технология!O10 -> 68.029578
A73: 2 | B73: =Технология!N11 -> Масло сливочное 82,5% | C73: =Технология!O11 -> 51.022184
A74: 3 | B74: =Технология!N12 -> Шарики рисовые в глазури | C74: =Технология!O12 -> 17.007395
A75: 4 | B75: =Технология!N13 -> 0 | C75: =Технология!O13 -> 0
A76: 5 | B76: =Технология!N14 -> 0 | C76: =Технология!O14 -> 0
A77: 6 | B77: =Технология!N15 -> 0 | C77: =Технология!O15 -> 0
A78: 7 | B78: =Технология!N16 -> 0 | C78: =Технология!O16 -> 0
A79: 8 | B79: =Технология!N17 -> 0 | C79: =Технология!O17 -> 0
A80: 9 | B80: =Технология!N18 -> 0 | C80: =Технология!O18 -> 0
A81: 10 | B81: =Технология!N19 -> 0 | C81: =Технология!O19 -> 0
A82: 11 | B82: =Технология!N20 -> 0 | C82: =Технология!O20 -> 0
A83: 12 | B83: =Технология!N21 -> 0 | C83: =Технология!O21 -> 0
... A85: 14 | B85: =Технология!N23 -> 0 | C85: =Технология!O23 -> 0
A86: 1 | B86: =Технология!R10 -> Кипяток | C86: =Технология!S10 -> 51.022184
A87: 2 | B87: =Технология!R11 -> Молоко сгущенное(380 гр) | C87: =Технология!S11 -> 13.005655
A88: 3 | B88: =Технология!R12 -> Паста дес. фисташка | C88: =Технология!S12 -> 4.0017399
A89: 4 | B89: =Технология!R13 -> 0 | C89: =Технология!S13 -> 0
A90: 5 | B90: =Технология!R14 -> 0 | C90: =Технология!S14 -> 0
A91: 6 | B91: =Технология!R15 -> 0 | C91: =Технология!S15 -> 0
A92: 7 | B92: =Технология!R16 -> 0 | C92: =Технология!S16 -> 0
A93: 8 | B93: =Технология!R17 -> 0 | C93: =Технология!S17 -> 0
A94: 9 | B94: =Технология!R18 -> 0 | C94: =Технология!S18 -> 0
A95: 10 | B95: =Технология!R19 -> 0 | C95: =Технология!S19 -> 0
A96: 11 | B96: =Технология!R20 -> 0 | C96: =Технология!S20 -> 0
A97: 12 | B97: =Технология!R21 -> 0 | C97: =Технология!S21 -> 0
... A99: 14 | B99: =Технология!R23 -> 0 | C99: =Технология!S23 -> 0
A100: 1 | B100: =Технология!V10 -> 0 | C100: =Технология!W10 -> 0
A101: 2 | B101: =Технология!V11 -> 0 | C101: =Технология!W11 -> 0
A102: 3 | B102: =Технология!V12 -> 0 | C102: =Технология!W12 -> 0
A103: 4 | B103: =Технология!V13 -> 0 | C103: =Технология!W13 -> 0
A104: 5 | B104: =Технология!V14 -> 0 | C104: =Технология!W14 -> 0
A105: 6 | B105: =Технология!V15 -> 0 | C105: =Технология!W15 -> 0
A106: 7 | B106: =Технология!V16 -> 0 | C106: =Технология!W16 -> 0
A107: 8 | B107: =Технология!V17 -> 0 | C107: =Технология!W17 -> 0
A108: 9 | B108: =Технология!V18 -> 0 | C108: =Технология!W18 -> 0
A109: 10 | B109: =Технология!V19 -> 0 | C109: =Технология!W19 -> 0
A110: 11 | B110: =Технология!V20 -> 0 | C110: =Технология!W20 -> 0
A111: 12 | B111: =Технология!V21 -> 0 | C111: =Технология!W21 -> 0
... A113: 14 | B113: =Технология!V23 -> 0 | C113: =Технология!W23 -> 0

Sheet Расчет с_стоим
B1: Всего | C1: =E3+J3+M3 -> 205.3 | N1: Испарения при выпекании | P1: =SUM(P2:P3) -> 186.98552 | Q1: гр
B2: Продукты | C2: грамм | D2: Цена за | E2: Стоимость | G2: Инвентарь, упаковка, дополнения к заказу | H2: шт | I2: Цена за | J2: Стоимость | N2: Указать общий объем бисквита | O2: =Технология!C8 -> 986.42888 | P2: =O2*14.691943/100 -> 144.92557
B3: Итого | C3: =SUM(C4:C93)-P1 -> 2589.1172 | D3: грамм | E3: =SUM(E4:E93) -> 0 | G3: Итого | I3: единицу | J3: =SUM(J4:J93) -> 205.3 | L3: Доставка | M3: 0 | N3: Меренга | P3: =C8 -> 42.059947
A4: Покрытие | B4: =Технология!N4 -> Шоколада для ганаша | C4: =Технология!O4 -> 59.8 | E4: =C4*D4 -> 0 | G4: Кондитерский мешок | H4: 0 | I4: 1.5 | J4: =H4*I4 -> 0
B5: =Технология!R4 -> Масло сливочное 82,5% | C5: =Технология!S4 -> 29.9 | E5: =C5*D5 -> 0 | G5: Коробка для торта | I5: 137 | J5: =H5*I5 -> 0
B6: =Технология!V1 -> Белок на БЗК гр | C6: =Технология!W1 -> 81.777778 | E6: =C6*D6 -> 0 | G6: Пакет фасовочный 12*14 | I6: 2.66 | J6: =H6*I6 -> 0
B7: =Технология!V2 -> Сахар | C7: =Технология!W2 -> 175.24978 | E7: =C7*D7 -> 0 | G7: Подложка 2 толщ 30*30 см | H7: 0 | I7: 0.02134949 | J7: =H7*I7 -> 0
B8: =Технология!V3 -> Вода | C8: =Технология!W3 -> 42.059947 | E8: =C8*D8 -> 0 | G8: Шпажки маленькие | I8: 0.6 | J8: =H8*I8 -> 0
B9: =Технология!V4 -> Лимонная кислота | C9: =Технология!W4 -> 2.2782471 | E9: =C9*D9 -> 0 | G9: Электричество | H9: 10 | I9: 5.13 | J9: =H9*I9 -> 51.3
A10: 1 | B10: =Технология!B10 -> Желток (17 г от 1 яйца) | C10: =Технология!C10 -> 353.15355 | E10: =C10*D10 -> 0 | G10: Зефирные фигурки | I10: 70 | J10: =H10*I10 -> 0
A11: 2 | B11: =Технология!B11 -> Сахар песок | C11: =Технология!C11 -> 170.07395 | E11: =C11*D11 -> 0 | G11: Палочки для мороженного | I11: 1.32 | J11: =H11*I11 -> 0
A12: 3 | B12: =Технология!B12 -> Масло подсолнечное | C12: =Технология!C12 -> 85.036973 | E12: =C12*D12 -> 0 | G12: Упаковочная бумага цвет | H12: 50 | I12: 3.08 | J12: =H12*I12 -> 154
A13: 4 | B13: =Технология!B13 -> Мука пшеничная | C13: =Технология!C13 -> 325.14137 | E13: =C13*D13 -> 0 | J13: =H13*I13 -> 0
A14: 5 | B14: =Технология!B14 -> Паста дес. фисташка | C14: =Технология!C14 -> 35.015224 | E14: =C14*D14 -> 0 | J14: =H14*I14 -> 0
A15: 6 | B15: =Технология!B15 -> Кипяток | C15: =Технология!C15 -> 85.036973 | E15: =C15*D15 -> 0 | J15: =H15*I15 -> 0
A16: 7 | B16: =Технология!B16 -> Разрыхлитель | C16: =Технология!C16 -> 14.00609 | E16: =C16*D16 -> 0 | J16: =H16*I16 -> 0
A17: 8 | B17: =Технология!B17 -> Лимонная кислота | C17: =Технология!C17 -> 2.0008699 | E17: =C17*D17 -> 0 | J17: =H17*I17 -> 0
A18: 9 | B18: =Технология!B18 -> Соль | C18: =Технология!C18 -> 2.0008699 | E18: =C18*D18 -> 0 | J18: =H18*I18 -> 0
A19: 10 | B19: =Технология!B19 -> 0 | C19: =Технология!C19 -> 0 | E19: =C19*D19 -> 0 | J19: =H19*I19 -> 0
A20: 11 | B20: =Технология!B20 -> 0 | C20: =Технология!C20 -> 0 | E20: =C20*D20 -> 0 | J20: =H20*I20 -> 0
A21: 12 | B21: =Технология!B21 -> 0 | C21: =Технология!C21 -> 0 | E21: =C21*D21 -> 0 | J21: =H21*I21 -> 0
A22: 13 | B22: =Технология!B22 -> 0 | C22: =Технология!C22 -> 0 | E22: =C22*D22 -> 0 | J22: =H22*I22 -> 0
A23: 14 | B23: =Технология!B23 -> 0 | C23: =Технология!C23 -> 0 | E23: =C23*D23 -> 0 | J23: =H23*I23 -> 0
A24: 1 | B24: =Технология!F10 -> Сливки 33 – 35% | C24: =Технология!G10 -> 211.09178 | E24: =C24*D24 -> 0 | J24: =H24*I24 -> 0
A25: 2 | B25: =Технология!F11 -> Творожный сыр | C25: =Технология!G11 -> 211.09178 | E25: =C25*D25 -> 0 | J25: =H25*I25 -> 0
A26: 3 | B26: =Технология!F12 -> Молоко сгущенное(380 гр) | C26: =Технология!G12 -> 84.036538 | E26: =C26*D26 -> 0
A27: 4 | B27: =Технология!F13 -> Ванильный сахар | C27: =Технология!G13 -> 8.0034798 | E27: =C27*D27 -> 0
A28: 5 | B28: =Технология!F14 -> 0 | C28: =Технология!G14 -> 0 | E28: =C28*D28 -> 0
A29: 6 | B29: =Технология!F15 -> 0 | C29: =Технология!G15 -> 0 | E29: =C29*D29 -> 0
A30: 7 | B30: =Технология!F16 -> 0 | C30: =Технология!G16 -> 0 | E30: =C30*D30 -> 0
A31: 8 | B31: =Технология!F17 -> 0 | C31: =Технология!G17 -> 0 | E31: =C31*D31 -> 0
A32: 9 | B32: =Технология!F18 -> 0 | C32: =Технология!G18 -> 0 | E32: =C32*D32 -> 0
A33: 10 | B33: =Технология!F19 -> 0 | C33: =Технология!G19 -> 0 | E33: =C33*D33 -> 0
A34: 11 | B34: =Технология!F20 -> 0 | C34: =Технология!G20 -> 0 | E34: =C34*D34 -> 0
A35: 12 | B35: =Технология!F21 -> 0 | C35: =Технология!G21 -> 0 | E35: =C35*D35 -> 0
A36: 13 | B36: =Технология!F22 -> 0 | C36: =Технология!G22 -> 0 | E36: =C36*D36 -> 0
A37: 14 | B37: =Технология!F23 -> 0 | C37: =Технология!G23 -> 0 | E37: =C37*D37 -> 0
A38: 1 | B38: =Технология!J10 -> Сливки 33 – 35% | C38: =Технология!K10 -> 211.09178 | E38: =C38*D38 -> 0
A39: 2 | B39: =Технология!J11 -> Молоко сгущенное(380 гр) | C39: =Технология!K11 -> 127.05524 | E39: =C39*D39 -> 0
A40: 3 | B40: =Технология!J12 -> Банан кг (120-150гр) | C40: =Технология!K12 -> 245.10657 | E40: =C40*D40 -> 0
A41: 4 | B41: =Технология!J13 -> Желатин | C41: =Технология!K13 -> 8.0034798 | E41: =C41*D41 -> 0
A42: 5 | B42: =Технология!J14 -> Паста дес. банан | C42: =Технология!K14 -> 4.0017399 | E42: =C42*D42 -> 0
A43: 6 | B43: =Технология!J15 -> 0 | C43: =Технология!K15 -> 0 | E43: =C43*D43 -> 0
A44: 7 | B44: =Технология!J16 -> 0 | C44: =Технология!K16 -> 0 | E44: =C44*D44 -> 0
A45: 8 | B45: =Технология!J17 -> 0 | C45: =Технология!K17 -> 0 | E45: =C45*D45 -> 0
A46: 9 | B46: =Технология!J18 -> 0 | C46: =Технология!K18 -> 0 | E46: =C46*D46 -> 0
A47: 10 | B47: =Технология!J19 -> 0 | C47: =Технология!K19 -> 0 | E47: =C47*D47 -> 0
A48: 11 | B48: =Технология!J20 -> 0 | C48: =Технология!K20 -> 0 | E48: =C48*D48 -> 0
A49: 12 | B49: =Технология!J21 -> 0 | C49: =Технология!K21 -> 0 | E49: =C49*D49 -> 0
... A51: 14 | B51: =Технология!J23 -> 0 | C51: =Технология!K23 -> 0 | E51: =C51*D51 -> 0
A52: 1 | B52: =Технология!N10 -> Молоко сгущенное(380 гр) | C52: =Технология!O10 -> 68.029578 | E52: =C52*D52 -> 0
A53: 2 | B53: =Технология!N11 -> Масло сливочное 82,5% | C53: =Технология!O11 -> 51.022184 | E53: =C53*D53 -> 0
A54: 3 | B54: =Технология!N12 -> Шарики рисовые в глазури | C54: =Технология!O12 -> 17.007395 | E54: =C54*D54 -> 0
A55: 4 | B55: =Технология!N13 -> 0 | C55: =Технология!O13 -> 0 | E55: =C55*D55 -> 0
A56: 5 | B56: =Технология!N14 -> 0 | C56: =Технология!O14 -> 0 | E56: =C56*D56 -> 0
A57: 6 | B57: =Технология!N15 -> 0 | C57: =Технология!O15 -> 0 | E57: =C57*D57 -> 0
A58: 7 | B58: =Технология!N16 -> 0 | C58: =Технология!O16 -> 0 | E58: =C58*D58 -> 0
A59: 8 | B59: =Технология!N17 -> 0 | C59: =Технология!O17 -> 0 | E59: =C59*D59 -> 0
A60: 9 | B60: =Технология!N18 -> 0 | C60: =Технология!O18 -> 0 | E60: =C60*D60 -> 0
A61: 10 | B61: =Технология!N19 -> 0 | C61: =Технология!O19 -> 0 | E61: =C61*D61 -> 0
A62: 11 | B62: =Технология!N20 -> 0 | C62: =Технология!O20 -> 0 | E62: =C62*D62 -> 0
A63: 12 | B63: =Технология!N21 -> 0 | C63: =Технология!O21 -> 0 | E63: =C63*D63 -> 0
... A65: 14 | B65: =Технология!N23 -> 0 | C65: =Технология!O23 -> 0 | E65: =C65*D65 -> 0
A66: 1 | B66: =Технология!R10 -> Кипяток | C66: =Технология!S10 -> 51.022184 | E66: =C66*D66 -> 0
A67: 2 | B67: =Технология!R11 -> Молоко сгущенное(380 гр) | C67: =Технология!S11 -> 13.005655 | E67: =C67*D67 -> 0
A68: 3 | B68: =Технология!R12 -> Паста дес. фисташка | C68: =Технология!S12 -> 4.0017399 | E68: =C68*D68 -> 0
A69: 4 | B69: =Технология!R13 -> 0 | C69: =Технология!S13 -> 0 | E69: =C69*D69 -> 0
A70: 5 | B70: =Технология!R14 -> 0 | C70: =Технология!S14 -> 0 | E70: =C70*D70 -> 0
A71: 6 | B71: =Технология!R15 -> 0 | C71: =Технология!S15 -> 0 | E71: =C71*D71 -> 0
A72: 7 | B72: =Технология!R16 -> 0 | C72: =Технология!S16 -> 0 | E72: =C72*D72 -> 0
A73: 8 | B73: =Технология!R17 -> 0 | C73: =Технология!S17 -> 0 | E73: =C73*D73 -> 0
A74: 9 | B74: =Технология!R18 -> 0 | C74: =Технология!S18 -> 0 | E74: =C74*D74 -> 0
A75: 10 | B75: =Технология!R19 -> 0 | C75: =Технология!S19 -> 0 | E75: =C75*D75 -> 0
A76: 11 | B76: =Технология!R20 -> 0 | C76: =Технология!S20 -> 0 | E76: =C76*D76 -> 0
A77: 12 | B77: =Технология!R21 -> 0 | C77: =Технология!S21 -> 0 | E77: =C77*D77 -> 0
... A79: 14 | B79: =Технология!R23 -> 0 | C79: =Технология!S23 -> 0 | E79: =C79*D79 -> 0
A80: 1 | B80: =Технология!V10 -> 0 | C80: =Технология!W10 -> 0 | E80: =C80*D80 -> 0
A81: 2 | B81: =Технология!V11 -> 0 | C81: =Технология!W11 -> 0 | E81: =C81*D81 -> 0
A82: 3 | B82: =Технология!V12 -> 0 | C82: =Технология!W12 -> 0 | E82: =C82*D82 -> 0
A83: 4 | B83: =Технология!V13 -> 0 | C83: =Технология!W13 -> 0 | E83: =C83*D83 -> 0
A84: 5 | B84: =Технология!V14 -> 0 | C84: =Технология!W14 -> 0 | E84: =C84*D84 -> 0
A85: 6 | B85: =Технология!V15 -> 0 | C85: =Технология!W15 -> 0 | E85: =C85*D85 -> 0
A86: 7 | B86: =Технология!V16 -> 0 | C86: =Технология!W16 -> 0 | E86: =C86*D86 -> 0
A87: 8 | B87: =Технология!V17 -> 0 | C87: =Технология!W17 -> 0 | E87: =C87*D87 -> 0
A88: 9 | B88: =Технология!V18 -> 0 | C88: =Технология!W18 -> 0 | E88: =C88*D88 -> 0
A89: 10 | B89: =Технология!V19 -> 0 | C89: =Технология!W19 -> 0 | E89: =C89*D89 -> 0
A90: 11 | B90: =Технология!V20 -> 0 | C90: =Технология!W20 -> 0 | E90: =C90*D90 -> 0
A91: 12 | B91: =Технология!V21 -> 0 | C91: =Технология!W21 -> 0 | E91: =C91*D91 -> 0
... A93: 14 | B93: =Технология!V23 -> 0 | C93: =Технология!W23 -> 0 | E93: =C93*D93 -> 0

Sheet 1
A1: Фисташкоый бисквит
A2: Технология приготовления: | E2: =SUM(E4:E17)-E9 -> 986.42888 | F2: =SUM(F4:F17)-F9 -> 986 | G2: вес массы в гр.
A3: Просеять муку, добавить соль, разрыхлитель, лимонку. Все перемешать В чаше миксера соединить сахар и яйца. Взбивать до белой пены не менее 10 минут. Тем временем вскипятить воду. Соединить пасту с маслом. Когда яичная смесь взобьется добавить пасту с маслом, перемешать. Добавить кипяток и муку. Аккуратно перемешать. Для обычного торта делим на 2 и разливаем по формам. Выпекаем 180 градусов. Без конвекции до сухой лучины. Примерно 40 минут. | E3: Грамм | F3: Грамм | G3: продукт
E4: =F4*Технология!I1 -> 353.15355 | F4: 353 | G4: Желток (17 г от 1 яйца)
E5: =F5*Технология!I1 -> 170.07395 | F5: 170 | G5: Сахар песок
E6: =F6*Технология!I1 -> 85.036973 | F6: 85 | G6: Масло подсолнечное
E7: =F7*Технология!I1 -> 325.14137 | F7: 325 | G7: Мука пшеничная
E8: =F8*Технология!I1 -> 35.015224 | F8: 35 | G8: Паста дес. фисташка
E9: =F9*Технология!I1 -> 85.036973 | F9: 85 | G9: Кипяток
E10: =F10*Технология!I1 -> 14.00609 | F10: 14 | G10: Разрыхлитель
E11: =F11*Технология!I1 -> 2.0008699 | F11: 2 | G11: Лимонная кислота
E12: =F12*Технология!I1 -> 2.0008699 | F12: 2 | G12: Соль
E13: =F13*Технология!I1 -> 0
E14: =F14*Технология!I1 -> 0
E15: =F15*Технология!I1 -> 0
E16: =F16*Технология!I1 -> 0
E17: =F17*Технология!I1 -> 0

Sheet 2
A1: Сливочный крем
A2: Технология приготовления: | E2: =SUM(E4:E17)-E9 -> 514.22358 | F2: =SUM(F4:F17)-F9 -> 514 | G2: вес массы в гр.
A3: Перед взбиванием дежу миксера желательно охладить 10 минут в холодильник. Все соединить, взбить до устойчивых пиков. | E3: Грамм | F3: Грамм | G3: продукт
E4: =F4*Технология!I1 -> 211.09178 | F4: 211 | G4: Сливки 33 – 35%
E5: =F5*Технология!I1 -> 211.09178 | F5: 211 | G5: Творожный сыр
E6: =F6*Технология!I1 -> 84.036538 | F6: 84 | G6: Молоко сгущенное(380 гр)
E7: =F7*Технология!I1 -> 8.0034798 | F7: 8 | G7: Ванильный сахар
E8: =F8*Технология!I1 -> 0
E9: =F9*Технология!I1 -> 0
E10: =F10*Технология!I1 -> 0
E11: =F11*Технология!I1 -> 0
E12: =F12*Технология!I1 -> 0
E13: =F13*Технология!I1 -> 0
E14: =F14*Технология!I1 -> 0
E15: =F15*Технология!I1 -> 0
E16: =F16*Технология!I1 -> 0
E17: =F17*Технология!I1 -> 0

Sheet 3
A1: Банановый мусс
A2: Технология приготовления: | E2: =SUM(E4:E17)-E9 -> 595.25881 | F2: =SUM(F4:F17)-F9 -> 595 | G2: вес массы в гр.
A3: Бананы очистить, порезать на кусочки, проварить в микроволновке до мягкого состояния | E3: Грамм | F3: Грамм | G3: продукт
E4: =F4*Технология!I1 -> 211.09178 | F4: 211 | G4: Сливки 33 – 35%
E5: =F5*Технология!I1 -> 127.05524 | F5: 127 | G5: Молоко сгущенное(380 гр)
E6: =F6*Технология!I1 -> 245.10657 | F6: 245 | G6: Банан кг (120-150гр)
E7: =F7*Технология!I1 -> 8.0034798 | F7: 8 | G7: Желатин
E8: =F8*Технология!I1 -> 4.0017399 | F8: 4 | G8: Паста дес. банан
E9: =F9*Технология!I1 -> 0
E10: =F10*Технология!I1 -> 0
E11: =F11*Технология!I1 -> 0
E12: =F12*Технология!I1 -> 0
E13: =F13*Технология!I1 -> 0
E14: =F14*Технология!I1 -> 0
E15: =F15*Технология!I1 -> 0
E16: =F16*Технология!I1 -> 0
E17: =F17*Технология!I1 -> 0

Sheet 4
A1: Изоляционный крем
A2: Технология приготовления: | E2: =SUM(E4:E17)-E9 -> 136.05916 | F2: =SUM(F4:F17)-F9 -> 136 | G2: вес массы в гр.
A3: Масло взбить до бела, частями добавлять сгущенку, до полного соединения, немного остудить добавить шарики. Все хорошо промешать, что бы шарики были произолированы и не размокли от других кремов. | E3: Грамм | F3: Грамм | G3: продукт
E4: =F4*Технология!I1 -> 68.029578 | F4: 68 | G4: Молоко сгущенное(380 гр)
E5: =F5*Технология!I1 -> 51.022184 | F5: 51 | G5: Масло сливочное 82,5%
E6: =F6*Технология!I1 -> 17.007395 | F6: 17 | G6: Шарики рисовые в глазури
E7: =F7*Технология!I1 -> 0
E8: =F8*Технология!I1 -> 0
E9: =F9*Технология!I1 -> 0
E10: =F10*Технология!I1 -> 0
E11: =F11*Технология!I1 -> 0
E12: =F12*Технология!I1 -> 0
E13: =F13*Технология!I1 -> 0
E14: =F14*Технология!I1 -> 0
E15: =F15*Технология!I1 -> 0
E16: =F16*Технология!I1 -> 0
E17: =F17*Технология!I1 -> 0

Sheet 5
A1: Пропитка
A2: Технология приготовления: | E2: =SUM(E4:E17)-E9 -> 68.029578 | F2: =SUM(F4:F17)-F9 -> 68 | G2: вес массы в гр.
A3: Сгущенку и пасту размешать с водой. | E3: Грамм | F3: Грамм | G3: продукт
E4: =F4*Технология!I1 -> 51.022184 | F4: 51 | G4: Кипяток
E5: =F5*Технология!I1 -> 13.005655 | F5: 13 | G5: Молоко сгущенное(380 гр)
E6: =F6*Технология!I1 -> 4.0017399 | F6: 4 | G6: Паста дес. фисташка
E7: =F7*Технология!I1 -> 0
E8: =F8*Технология!I1 -> 0
E9: =F9*Технология!I1 -> 0
E10: =F10*Технология!I1 -> 0
E11: =F11*Технология!I1 -> 0
E12: =F12*Технология!I1 -> 0
E13: =F13*Технология!I1 -> 0
E14: =F14*Технология!I1 -> 0
E15: =F15*Технология!I1 -> 0
E16: =F16*Технология!I1 -> 0
E17: =F17*Технология!I1 -> 0

Sheet 6
A1: Составляющая
A2: Технология приготовления: | E2: =SUM(E4:E17)-E9 -> 0 | F2: =SUM(F4:F17)-F9 -> 0 | G2: вес массы в гр.
E3: Грамм | F3: Грамм | G3: продукт
E4: =F4*Технология!I1 -> 0
E5: =F5*Технология!I1 -> 0
E6: =F6*Технология!I1 -> 0
E7: =F7*Технология!I1 -> 0
E8: =F8*Технология!I1 -> 0
E9: =F9*Технология!I1 -> 0
E10: =F10*Технология!I1 -> 0
E11: =F11*Технология!I1 -> 0
E12: =F12*Технология!I1 -> 0
E13: =F13*Технология!I1 -> 0
E14: =F14*Технология!I1 -> 0
E15: =F15*Технология!I1 -> 0
E16: =F16*Технология!I1 -> 0
E17: =F17*Технология!I1 -> 0

Sheet С стоимость
A1: =[1]Лист1!A2 -> Бобы тонка | B1: =[1]Лист1!D2 -> 1000
A2: =[1]Лист1!A3 -> Агар-Агар | B2: =[1]Лист1!D3 -> 1000
A3: =[1]Лист1!A4 -> Арахис | B3: =[1]Лист1!D4 -> 200
A4: =[1]Лист1!A5 -> Ваниль (стручок) | B4: =[1]Лист1!D5 -> 1000
A5: =[1]Лист1!A6 -> Ванильный йогурт | B5: =[1]Лист1!D6 -> 1000
A6: =[1]Лист1!A7 -> Ванильный сахар | B6: =[1]Лист1!D7 -> 8
A7: =[1]Лист1!A8 -> Ванильный экстракт | B7: =[1]Лист1!D8 -> 1000
A8: =[1]Лист1!A9 -> Вафли трубочки | B8: =[1]Лист1!D9 -> 400
A9: =[1]Лист1!A10 -> Вода | B9: =[1]Лист1!D10 -> 1000
A10: =[1]Лист1!A11 -> Глюкоза | B10: =[1]Лист1!D11 -> 300
A11: =[1]Лист1!A12 -> Груша очищенная | B11: =[1]Лист1!D12 -> 1000
A12: =[1]Лист1!A13 -> Желатин | B12: =[1]Лист1!D13 -> 50
... A150: =[1]Лист1!A151 -> 0 | B150: =[1]Лист1!D151 -> 0
